field,pattern,dj,note
"Artist","Music (B|b)ehind","","background music credit"
"Title","Music (B|b)ehind","","background music credit"
"Artist","Wake N Bake","","show segment"
"Title","Wfmu","","station mentions"
"Title","Primavera","",""
"Title","^[tT]aking [Cc]alls","","call-in segment"
"Artist","^Bob Barth","",""
"Artist","Call 201","","call-in number"
"Title","Call 201","","call-in number"
"Artist","^Wake ","WA","Wake n Bake segments"
"Artist","^Pidge ","WA","trailing space keeps Pidgeon"
"Artist","^Clay ","WA","Wake n Bake segments"
"Artist","Speaks$","","DJ breaks"
"Artist","D[Jj] Speaks","","DJ breaks"
"Artist","hoof[a-zA-Z ]+sinfonia","","marathon finale"
"Artist","^Artist$","","header row"
"Title","Your DJ","",""
"Title","Your Dj","",""
"Artist","Where The Action Is","",""
"ArtistToken","Your DJ","",""
"ArtistToken","Your Dj","",""
"ArtistToken","^Hoof Mouth$","",""
"ArtistToken","^Tom Wilson$","","not songs"
"ArtistToken","^Hank Levine$","","not songs"
"ArtistToken","^Commercial$","","not songs"
"Artist","^Listener comments","","web-page text read as a song"
"Artist","^Your comment:","","web-page text read as a song"
"Artist","^<-- Previous playlist","","page navigation read as a song"
"Artist","^Enable Javascript","","web-page text read as a song"
"Artist","<a href=","","HTML link text read as a song"
"Artist","^c\(""","","deparsed text from an old parser"
"Artist","^View .+'s profile$","","profile link read as a song"
"Artist","^Note: The music bed","","show note"
"Artist","^DJ .*[Ss]peaks$","","DJ talk"
"Artist","^Yr Dj Speeks$","L1","DJ talk"
"Artist","^via GIPHY$","","image credit"
"Artist","(Bumper|Stinger)$","IB","station bumpers and stingers"
"Artist","^(Station Happenings|Today In History)$","WA","Wake n Bake segments"
"Artist","^Pledge To The Pidge","WA","pledge drive"
"Artist","^Fmtm (Intro|Outro)$","FN","show intro/outro talk"
"Artist","^Hysterica Talks$","WN","DJ talk"
"Artist","^Jamie Jazz$","YA","host talk segments"
"Title","^[^A-Za-z]*([Ww]elcome|WELCOME)( [Tt]o [Rr]adio [Rr]avioli)?[^A-Za-z]*$","OB","host welcome, often wrapped in symbols; not songs like Welcome To The Party"
"Artist","^Charlie Lewis$","CL","page header text"
"Artist","^MUSIC BEHIND","","background music under DJ talk (upper-case form)"
"Artist","^(January|February|March|April|May|June|July|August|September|October|November|December) [0-9]{1,2}, [0-9]{4}$","","a date read as the artist"
"Artist","201[- ]?209[- ]?9368","","WFMU phone number: call-in segments"
"Title","201[- ]?209[- ]?9368","","WFMU phone number: call-in segments"
"Artist","^W/ Dan Morfitt","WA","Morfitt's Curiosities segment"
"Artist","^Joe Mc[Gg]asko's","WA","crossover talk with Joe McGasko"
"Artist","taking a break while","","show note"
